Logo,Title,Location,Company,Description,ApplyLink,Job_type
https://www.ziprecruiter.com/svc/fotomat/public-ziprecruiter/uploads/7833bf07.jpg=s64x64,Customer Service Assistant,"Oceanside, CA",HB Staffing,The Customer Service Assistant (CSA) must possess exemplary skills in communication and be able to assist all customers. The CSA will help further all goals and objectives in providing top-notch ...,https://www.shipt.com/be-a-shopper/?rx_job=gshi-vista-ca-20201106&utm_source=ziprecruiter&utm_medium=job_board_promoted&utm_campaign=cpc_job_posting_sandiego&rx_source=ZipRecruiter&rx_campaign=ZipRecruiter100&rx_medium=cpc&rx_ts=20201116T152108Z&rx_job=gshi-vista-ca-20201106&rx_group=20201116&rx_p=5f3116c7-15c4-4a16-8f7f-dae5c535374d&rx_viewer=ccffeb6b282f11eba2fd51366aee0ddf9537bf4f510c4847802604e3e46154da,Temporary
https://www.ziprecruiter.com/zrs/9927a89e/img/candidate/business.svg,Truck Driver - Recent Grads Welcome - Excellent Benefits,"Vista, CA",CRST Expedited - Recent Grads California,"Decide Your Destiny Do you have your Class A CDL? Are you looking for experience? CRST is hiring Recent Truck Driving School Graduates! When you drive for us, you get the freedom to decide your ...",https://click.appcast.io/track/62kxo4y?cs=2h&jg=1c3&bid=6SfCT6uWOcjrCLQdQmg2WA==&cid=9ee6d163-4ca6-4e31-a2b1-2bd421d2d65b,Full-Time
https://www.ziprecruiter.com/zrs/9927a89e/img/candidate/business.svg,Customer Support Representative,"Solana Beach, CA",Kelly Services,"Seeking experienced Customer Service Representatives for a Temp to Hire opportunity within healthcare in Solana Beach, CA! Pay Rate: $20/hr. QUALIFICATIONS: * Proven excellence in Customer Service ...",https://click.appcast.io/track/5qcoy1r?cs=2h&jg=2y4k&bid=Ymgocxdk3VZBoJOat4BP2A==&cid=31c0a13c-755d-4628-919b-541338805c6d,Full-Time
https://www.ziprecruiter.com/zrs/9927a89e/img/candidate/business.svg,Local CDL A/B Delivery Truck Drivers - Home Daily - Full Time,"San Marcos, CA",Ferrellgas,"Now Hiring Local CDL A/B Delivery Drivers! Full-Time & Home Daily Benefits: * Local routes and territories - home every night * Medical, Dental, Vision, and Prescription Insurance Plans * 401(k) plan ...",https://drive4ashleydistribution.com/ltl-regional?utm_source=ziprecruiter&utm_medium=cpc&utm_campaign=hn_ltl_w_redlands_ca_ziprecruiter&r=leadflex_zip_ltl&id=64889-93730-522089747,Full-Time
https://www.ziprecruiter.com/svc/fotomat/public-ziprecruiter/uploads/dc0d1df2.jpeg=s64x64,Customer Service Representative (WORK FROM HOME),"Carlsbad, CA",Morphius Corp,"What we do is coordinate benefits for labor unions, credit unions, and associations. Working with police departments, firefighters, teachers, postal workers and other labor unions as well. We have ...",https://click.appcast.io/track/5k89x2y?cs=bb6&jg=ydx&bid=Xg7CqJSvIPBmbJ85kAaL1A==&cid=c8ecbb3d-34c4-4145-a1be-ff18f2025965,
https://www.ziprecruiter.com/zrs/9927a89e/img/candidate/business.svg,CDL-A HOUSEHOLD GOODS MOVER LEASE PURCHASE TRUCK DRIVER JOBS,"Vista, CA",United Van Lines,"Drive How You Want. Drive Where You Want. Whether it's regional or OTR Owner Operator truck driver job opportunities that you're on the hunt for, United has a number of immediate positions open to CD ...",https://drive4ashleydistribution.com/?utm_source=ziprecruiter&utm_medium=cpc&utm_campaign=hn_ptp_w_redlands_ca_ziprecruiter&r=leadflex_zip_ptp&id=64886-93729-522089747,Full-Time
https://www.ziprecruiter.com/svc/fotomat/public-ziprecruiter/uploads/e20e341d.jpeg=s64x64,Customer Service Representative - Virtual Interview,"San Diego, CA",AIL,Customer Service Representative Our organization is looking for a Customer Service Representative who is looking for an opportunity to help our members protect their families. We work closely with ...,https://click.appcast.io/track/6436b0q?cs=9t&jg=gxz&bid=mZMtccklLBaSWFOs8aMwew==&cid=90932b88-06ac-4275-bae1-c54b6e4b98d0,Full-Time
https://www.ziprecruiter.com/zrs/9927a89e/img/candidate/business.svg,Customer Service Representative,"San Marcos, CA",EDCO WASTE AND RECYCLING,"Job Description Primary Responsibilities:  Answer a high volume of incoming phone calls consisting of inquiries, orders, service issues  Assist with the needs of customers  Input information ...",https://careers-agencystaffcandidate.icims.com/jobs/2436/login?mode=prepopulate&iis=ZipRecruiter&iisn=ZipRecruiter&mode=prepopulate&iis=external&iisn=ZipRecruiter,Full-Time
https://www.ziprecruiter.com/zrs/9927a89e/img/candidate/business.svg,Sales Associate,"San Diego, CA",Reyes Beer Division,"Position Summary: Training focused role to prepare employees for an Account Manager position. This could include making daily sales calls, merchandising, and maintain positive relationships with area ...",https://careers-agencystaffcandidate.icims.com/jobs/2436/login?mode=prepopulate&iis=ZipRecruiter&iisn=ZipRecruiter&mode=prepopulate&iis=external&iisn=ZipRecruiter,Full-Time
https://www.ziprecruiter.com/svc/fotomat/public-ziprecruiter/uploads/e1f7ff71.gif=s64x64,Call Center Representative,"Escondido, CA",ARS National Services Inc.,"ACCOUNT REPRESENTATIVE (PAID TRAINING AND MONTHLY BONUS) Start the New Year with a New Job and New Career. Now more than ever, our jobs matter and we all want a career we can rely on. At ARS we are ...",https://www.ziprecruiter.com/jobs/san-diego-premier-marketing-inc-bf2d3d25/csr-customer-service-representative-ft-pt-a0e8310c?lvk=I6LBGAnPBJeU_plWaPEWmA.--LoA9dSCjk,Full-Time
https://www.ziprecruiter.com/zrs/9927a89e/img/candidate/business.svg,"1st Shift GMP Filling / Packaging Technician, Carlsbad, CA","Carlsbad, CA",Kelly Services,"1st Shift GMP Filling / Packaging Laboratory Technician, Carlsbad, CA Seeking experienced Filling/Packaging Lab Technicians to support our manufacturing operations. This role requires following lab ...",https://click.appcast.io/track/64370l8?cs=9t&jg=gus&bid=XaXrChmNdvVq4OMqX54qmA==&cid=456e24fa-9c52-4f00-95cb-a83dc2107ce2,
https://www.ziprecruiter.com/zrs/9927a89e/img/candidate/business.svg,CDL-A Specialized Goods Truck Driver Jobs - OTR,"Oceanside, CA",United Van Lines,"United Van Lines has local, regional or OTR truck driver job opportunities for CDL-A truck drivers open now! Boost your truck driving business with United Van Lines! United Van Lines has immediate CD ...",https://click.appcast.io/track/5wic70y?cs=qd&jg=21al&bid=MkxfkxHVNHxAv5IA5hXDwQ==&cid=df181a68-3ba6-40cc-8f55-7ea68daeff1d,Full-Time
https://www.ziprecruiter.com/svc/fotomat/public-ziprecruiter/uploads/4dcc3000.jpeg=s64x64,Customer Service Retention Specialist,"San Diego, CA",Sedona Staffing San Diego,Call Center - Customer Care Retention in Rancho Bernardo CA Long Term potential Temp to Hire Order # 197736 This position will include: Taking incoming calls and assessing issues and problem solving ...,https://www.ziprecruiter.com/jobs/lawson-products-25547512/sales-representative-871b2e6c?lvk=AtjydMkIEnn_sWGeCcyAeg.--LnRCrRea7,Full-Time
https://www.ziprecruiter.com/svc/fotomat/public-ziprecruiter/uploads/8485ae51.jpeg=s64x64,Outside Sales Professional,"Escondido, CA",Terminix,"For more than 85 years, Terminix has built a reputation as one of the nations leading providers of termite and pest control services, safeguarding over 3 million homes and businesses against all ...",https://click.appcast.io/track/5hr1xr4?cs=hza&exch=16&jg=30te&bid=iyI6yvVMA6BOeF8aWQ6MIw==&cid=63f9daa5-ed6c-447e-88fd-1879e471a87f,Full-Time
https://www.ziprecruiter.com/svc/fotomat/public-ziprecruiter/uploads/362e26e6.png=s64x64,Shipping and Receiving Associate/Warehouse,"Vista, CA",PrideStaff,"PrideStaff is NOW hiring Shipping/Receiving/ Warehouse Associates for a growing Manufacturing company in Vista, CA. We are looking for a Highly Energetic Shipping/Receiving Warehouse Associates to ...",https://click.appcast.io/track/60rxwd2?cs=1w&jg=25xb&bid=QxH16uPCf4n_gjg09iqDlw==&cid=6466e9fc-9a13-4b0b-bc93-e94c7a3f683a,Full-Time
https://www.ziprecruiter.com/zrs/9927a89e/img/candidate/business.svg,Customer Service Representative,"Murrieta, California",Big B's Plumbing,"Who we are You're the best and you want to join a team that appreciates you, where you can create your own opportunities. We keep on growing because we only hire the best, and our customers love us ...",https://schneiderjobs.com/search-driving-jobs/details/201625?source=JobTarget%20via%20ZipRecruiter&utm_source=JobTarget&utm_medium=ZipRecruiter&utm_campaign=Class%20A%20CDL%20-%20Dedicated%20Truck%20Driver%20Nissan%20(201625-CALIFORNIA-TEMECULA)&src=JB-13120&_jtochash=6eWPMyfrPm4BsorzTBOGD&_jtocprof=9amkc9b65K_JaCqkhqVdpCwMeL1LPYeD,Full-Time
https://www.ziprecruiter.com/svc/fotomat/public-ziprecruiter/uploads/a1097c21.png=s64x64,Sales Support Specialist - 12199,"Escondido, CA",TalentZok,"Sales Support Specialist - TalentZok OVERVIEW Are you looking for a new career opportunity with an exciting company?! Then we have got the right team for you! In this role, you are responsible for ...",https://click.appcast.io/track/5pw658b?cs=1w&jg=25xb&bid=QxH16uPCf4n_gjg09iqDlw==&cid=215a9e55-3eb3-4eb8-a50f-3d9c688f0b40,Contractor
https://www.ziprecruiter.com/zrs/9927a89e/img/candidate/business.svg,Client Support Manager,"San Diego, CA","Talentry, LLC","Client Support Manager IVD Systems - Direct Hire San Diego, CA Talentry is looking for a Sr. Customer Support Manager to manage the implementation, functioning, maintenance, upgrade, training, and ...",https://click.appcast.io/track/4ush14q?cs=ia0,Full-Time
https://www.ziprecruiter.com/zrs/9927a89e/img/candidate/business.svg,Retail Solar Sales Representative,"Vista, CA",Sunrun,"Overview: Are you looking for a fast-paced role where you can combine your revenue-generating, go-getting mindset with the ability to help people save money? If so, we'd like you to join our Solar ...",https://drive4pride.com/?utm_source=ziprecruiter&utm_medium=cpc&utm_campaign=hn_2mp_cd_solo_ca_ziprecruiter&r=leadflex_zip_cd_solo&id=37283-224-522089747,Full-Time
https://www.ziprecruiter.com/zrs/9927a89e/img/candidate/business.svg,Customer Service Representative | Escalations Specialist,"San Diego, CA",Ultimate Staffing,"The Customer Service Specialist acts as a liaison between customers and the company. Responsibilities: This role will be responsible for gathering information, researching, communicating, and ...",https://www.ziprecruiter.com/jobs/local-essential-business-7c264bbf/csr-customer-service-representative-ft-pt-33a85250?lvk=p480anmugXsMp93irOAMRQ.--LoDQFEBYZ,Full-Time
https://www.ziprecruiter.com/zrs/9927a89e/img/candidate/business.svg,"Truck Driver - Quality Home Time - Average $1,400/Week","Vista, CA","Ryder - Fontana, CA","Ryder is Hiring Class A Support Drivers Quality Home Time - Average $1,400 per Week Ryder is a commercial transportation, logistics, and supply chain management solutions company in business for over ...",https://www.ziprecruiter.com/jobs/marten-transport-b2aed4c6/truck-driving-jobs-dry-van-avg-58-cpm-1-000-wk-or-more-799ddb6b?lvk=cvooRgDp2YeDqfI3CtsXIQ.--LoDpbhqOk,Full-Time
https://www.ziprecruiter.com/zrs/9927a89e/img/candidate/business.svg,"Sr. Director, Customer Care","Vista, CA",DJO,: The Customer Care Leader will be a key member of the Bracing & Supports and Recovery Sciences Leadership teams within DJO Global with additional leadership support for international businesses in ...,https://www.ziprecruiter.com/jobs/lincoln-heritage-life-insurance-company-0b169995/life-insurance-sales-agent-free-exclusive-tv-leads-3f2d5555?lvk=9YgMhTOpYJDAVuvmP8XItQ.--Lnkl4IgFV,
https://www.ziprecruiter.com/zrs/9927a89e/img/candidate/business.svg,Inside Sales Representative,"Rancho Santa Fe, CA",SelectQuote,"Who We Are: As a sales agent with SelectQuote Auto & Home, you will speak to people who have responded to a variety of marketing campaigns, conduct an extensive needs analysis with these customers ...",https://www.ziprecruiter.com/jobs/farmers-insurance-14238eb1/customer-service-representative-1fdcf478?lvk=5Qiq_9EN_N6g-X27OngkGg.--LnGNXw_Oo,
https://www.ziprecruiter.com/svc/fotomat/public-ziprecruiter/uploads/1915a8b6.jpeg=s64x64,FUN ENERGETIC people wanted - customer service - immediate hire!!,"Santa Ana, CA",Lear Solutions INC,"Do you love making a difference, but also want a dynamic and fun career? Look no further! Lear Marketing is the leading direct marketing and promotions company in Santa Ana. Due to our recent ...",https://www.ziprecruiter.com/jobs/m-s-international-22691712/shipping-and-receiving-e8b83ee2?lvk=9CoEvI66ty8R0P38YsvzMQ.--LnighiMLg,Full-Time
https://www.ziprecruiter.com/zrs/9927a89e/img/candidate/business.svg,Dealership Mechanic,"Murrieta, CA",CarMax,"4001 - Murrieta Auction - 25560 Madison Ave, Murrieta, California, 92563 CarMax, the way your career should be! Tune up your skills in vehicle repair and build a great career If you want to learn how ...",https://www.ziprecruiter.com/jobs/american-zettler-93027c89/customer-service-representative-20eb74e6?lvk=d8AjGa1zsJNcOh0VJpi5fw.--LnVDSvP6o,Full-Time
https://www.ziprecruiter.com/zrs/9927a89e/img/candidate/business.svg,CDS Part Time Product Demonstrator,"Vista, CA",Advantage Solutions,"CDS Part Time Product Demonstrator Are you outgoing and enthusiastic about interacting with people? If promoting the best brands to today's shoppers sounds appealing, then Club Demonstration Services ...",https://click.appcast.io/track/5m7n6ix?cs=2h&jg=jfr&bid=6SfCT6uWOcjrCLQdQmg2WA==&cid=372b33ab-04aa-4c9a-af28-dfca939222ba,Part-Time
https://www.ziprecruiter.com/svc/fotomat/public-ziprecruiter/uploads/a1097c21.png=s64x64,Admin Support Coordinator - 12246,"Carlsbad, CA",TalentZok,"WMS Support Coordinator - TalentZok OVERVIEW Are you looking for a new career opportunity with an exciting company?! Then we've got the right team for you! In this role, you're responsible for the ...",https://www.ziprecruiter.com/jobs/blackstone-gaming-bef19627/15-17-hour-customer-service-associate-now-hiring-53302055?lvk=2G_QRTSMGRZjfr_yqa98Kw.--LmgNwuhW3,Contractor
https://www.ziprecruiter.com/zrs/9927a89e/img/candidate/business.svg,OTR Solo CDL Drivers,"Temecula, CA",Pacific Logistics Corp,: Great Opportunities for Southern CA based Solo CDL drivers for OTR positions Call (855) 348-4671 and ask for our recruiter! Generous Pay and Benefits package for Southern CA based Solo drivers Solo ...,https://www.ziprecruiter.com/jobs/lincoln-military-housing-21a7e464/customer-care-representative-e87834bb?lvk=L43EEhY_if8t8ZJqDhmqrw.--LnKZ4qGFs,Full-Time
https://www.ziprecruiter.com/svc/fotomat/public-ziprecruiter/uploads/be8e4629.jpeg=s64x64,Corporate Customer Service Opportunity - Medical Devices,"Vista, CA",Advanced Resources,"Client: Disclosed on Phone Call with me Duration: Initially approx. 12 month Job #: 5847 Level: Entry to 1-2 year experience ideally Target Rate: 13/hour on a W2 Eligibility: W2 Only, No C2C Local ...",https://www.ziprecruiter.com/jobs/ajilon-17e5bb67/customer-service-rep-7bdda20c?lvk=lgrxBIJ-sl08rK7idcA87Q.--Lo6DIQVmV,Contractor
https://www.ziprecruiter.com/zrs/9927a89e/img/candidate/business.svg,"Truck Driver - Home Daily or Weekly - Average Up to $1,500/Week","Carlsbad, CA",Marten Transport - West,"Truck Driving Jobs - Up to $1,500 Weekly! Average 65 CPM! CDL A Truck Drivers - Marten has great dedicated, regional, and OTR opportunities in the West where you can get home daily or weekly ...",https://www.ziprecruiter.com/jobs/actenviro-598b73e4/operations-service-representative-hazmat-industry-78b49bed?lvk=vluu53lx7webwh2WPPVgvA.--Lnupo73TJ,Full-Time
https://www.ziprecruiter.com/zrs/9927a89e/img/candidate/business.svg,Security Officer in Carlsbad,"Solana Beach, CA",Allied Universal,"At Allied Universal® our Security Professionals assist clients, and the public at large, by providing essential jobs that keep our communities safe and secure. During this time, we need your help ...",https://click.appcast.io/track/5clg6wf?cs=1n&jg=fsz&bid=qL8H-w6eAl9OmGorQ3Tfcw==&cid=7d238ca1-989a-4273-86eb-8bd572b44620,Full-Time
https://www.ziprecruiter.com/zrs/9927a89e/img/candidate/business.svg,ACCOUNT MANAGER LANDSCAPE MAINTENANCE,"Carlsbad, CA",Newfield Careers,"ACCOUNT MANAGER LANDSCAPE MAINTENANCE Solana Beach, CA MARQUEE CLIENT PORTFOLIO! GREAT COMPANY CULTURE! SUMMARY The Account Manager is familiar with all aspects of commercial landscape maintenance ...",https://www.ziprecruiter.com/jobs/rejuvcryo-wellness-97fcaf96/receptionist-customer-service-6e12a335?lvk=WYNxAujWWEKrmfdDJm0rrA.--LoBGTdqYw,Full-Time
https://www.ziprecruiter.com/zrs/9927a89e/img/candidate/business.svg,"Truck Driver - Flexible Home Time - Earn Up to $80,000/Year + No-Touch","Vista, CA","Transport Designs, Inc.",Now Hiring CDL-A Company Drivers & Owner Operators Flexible Home Time - No-Touch Freight Company Drivers earn up to $80k per year Owner Operators earn up to $160K per year. Receive 100% Fuel ...,https://www.shipt.com/be-a-shopper/?rx_job=uhptdj-carlsbad-ca-20201106&utm_source=ziprecruiter&utm_medium=job_board_promoted&utm_campaign=cpc_job_posting_sandiego&rx_source=ZipRecruiter&rx_campaign=ZipRecruiter100&rx_medium=cpc&rx_ts=20201116T152108Z&rx_job=uhptdj-carlsbad-ca-20201106&rx_group=20201116&rx_p=4b2726f8-35c1-484c-8790-69db8c825e89&rx_viewer=f08c90ea282f11ebb349551ed6adde071b5717eb708247c6b25da8954ae6d167,Full-Time
https://www.ziprecruiter.com/zrs/9927a89e/img/candidate/business.svg,Call Center Appointment Scheduler,"Vista, CA",Medical Professionals,Would you like to a chance to get your foot in the door with one of the best places to work? This healthcare group is nationally-recognized for its quality of services. We are looking for friendly ...,https://www.ziprecruiter.com/jobs/property-advantage-inc-e940f9d1/customer-service-representative-07e90618?lvk=yhLNnFStH9quscC2MBnMnw.--Lnw_zah4o,Full-Time
https://www.ziprecruiter.com/zrs/9927a89e/img/candidate/business.svg,2- Vista - Universal Services Representative II,"Vista, CA",Mission Federal Credit Union,"At Mission Federal Credit Union, we're all about people, not profit. When we say,""Your success is our bottom line,""that refers to how we treat our employees as well as our members. Job Title",https://click.appcast.io/track/5wpuaf8?cs=1w&jg=2vu2&bid=MkxfkxHVNHxAv5IA5hXDwQ==&cid=c3e90aa8-d518-4354-81d5-60d2a43af9e4,Part-Time
https://www.ziprecruiter.com/zrs/9927a89e/img/candidate/business.svg,Customer Service Representative - PM SHIFT,"Escondido, CA",Aerotek,Position: Customer Service Rep Shift: 3:30pm-12am - must be available any day of the week/weekend Temporary: 7 weeks long Location: Vista Duties: + Help out during ramp season for the holiday rush ...,https://click.appcast.io/track/63uc8mm?cs=cuz&jg=2uaq&bid=Vj1RoCSpN2lX4uCyPxSDCQ==&cid=c7e69a73-255b-40dc-b247-d57fc54447b8,Full-Time
https://www.ziprecruiter.com/zrs/9927a89e/img/candidate/business.svg,Customer Service Representative,"Vista, CA",Toolshed Equipment Rental,This position requires a working knowledge of our rental equipment so as to identify our customers needs. A positive and enthusiastic attitude is required when greeting our customers in person and on ...,https://www.ziprecruiter.com/jobs/advanced-diabetes-supply-3a214fa2/medical-account-coordinator-weekends-off-71804b26?lvk=mYfiIfIBG6I2rmAXAt-95g.--LoBCl9SsB,Full-Time
https://www.ziprecruiter.com/zrs/9927a89e/img/candidate/business.svg,Member Service Representative I (Teller),"Carlsbad, CA",San Diego County Credit Union,Position Summary: Responsible for transacting business efficiently and accurately on member accounts. Participates in the promotion of the Credit Union products and services to existing and potential ...,https://www.ziprecruiter.com/jobs/advanced-diabetes-supply-3a214fa2/medical-customer-service-representative-entry-level-f24ae57e?lvk=M7UK5em4ifDrG7Q1tC2kHg.--LnwWTVVi-,Full-Time
https://www.ziprecruiter.com/zrs/9927a89e/img/candidate/business.svg,Customer Service Representative,"Oceanside, CA",Consumer Goods Company,"National Covers is an on-line manufacturing and seller of recreational covers. These include covers for Boats, Recreational Vehicles, Golf and Patio. The position is an Inside Sales / Customer ...",https://shoppers.instacart.com/role/full-service?utm_campaign=ad_sdo_supply_fss&utm_medium=jobboard&utm_term=recruitics&utm_content=fss-4-sdo-20201106-VISTA-92084&utm_source=ZipRecruiter&rx_ts=20201116T164402Z&rx_job=fss-4-sdo-20201106-VISTA-92084&rx_source=ZipRecruiter&rx_campaign=ZipRecruiter95&rx_group=20201116&rx_c=MN&rx_medium=cpc&ic_role=fss&rx_p=379b930a-6855-46c0-a6be-526da5cc9732&rx_viewer=f709cad1282f11eba2fdb93d47f626e5982779b26c584a29856287890322ede4,Full-Time
https://www.ziprecruiter.com/zrs/9927a89e/img/candidate/business.svg,Insurance Sales Agent,"Vista, CA",Aflac,"Insurance Agent Aflac isn't a conventional opportunity We're an unconventional company looking for unconventional people. If you're outgoing, entrepreneurial, and motivated, it might be time to ...",https://www.ziprecruiter.com/jobs/marquee-staffing-cb-ecfe3693/golf-customer-service-representative-260bdbe8?lvk=rFSyE8IlsrHp7oLBaIXIPg.--Lo0_eMbdk,Full-Time
https://www.ziprecruiter.com/svc/fotomat/public-ziprecruiter/uploads/da47389a.jpeg=s64x64,Sales Representative,"Escondido, CA",SOLAR BROKERS,"The Solar Energy Industry is GROWING AT A RECORD PACE! Solar energy in the United States is Booming! * In 2019, the solar industry generated $18 billion of investment in the American economy",https://www.ziprecruiter.com/jobs/hb-staffing-919f5710/customer-service-assistant-822670df?lvk=F0XjQBkDFexLXc92aBnrqQ.--LnvoDS3s-,Contractor
https://www.ziprecruiter.com/svc/fotomat/public-ziprecruiter/uploads/bd9cf276.jpeg=s64x64,Customer Service Representative,"Carlsbad, CA",High Quality Water,"Looking for friendly, self motivated individuals to conduct a 30 second survey with customers inside Home Depot stores. Average surveyor wage between $18 and $21 /hr!!!! High Quality Water, a leader ...",https://click.appcast.io/track/63tb6e7?cs=cuz&jg=34ad&bid=Vj1RoCSpN2lX4uCyPxSDCQ==&cid=050d2ed3-9514-46fc-97c4-218b2b4c978c,Part-Time
https://www.ziprecruiter.com/zrs/9927a89e/img/candidate/business.svg,Retail Security Officer-Carlsbad,"San Diego, CA",Allied Universal,"At Allied Universal® our Security Professionals assist clients, and the public at large, by providing essential jobs that keep our communities safe and secure. During this time, we need your help ...",https://kelly.secure.force.com/CandidateExperience/CandExpJobDetails?id=a7V2E0000005BBh&rx_source=ziprecruiter&utm_source=ziprecruiter&utm_medium=cpc&utm_campaign=paid_b2c_always-on&utm_content=ziprecruiter_always-on,Full-Time
https://www.ziprecruiter.com/svc/fotomat/public-ziprecruiter/uploads/362e26e6.png=s64x64,Customer Care Agent (Retention),"Valley Center, CA",PrideStaff,"Customer Care Agent (Retention) Our client, based in Rancho Bernardo, is looking for an additional Customer Care (Retention) Agent due to further growth. This is a great opportunity for someone who ...",https://click.appcast.io/track/5x3tyyg?cs=d8x&jg=2z26&bid=viVMAPGFWwJQTmWThIkjXQ==&cid=b7a14e80-ed92-40b6-b53e-8a2ab0976a5e,Full-Time
https://www.ziprecruiter.com/svc/fotomat/public-ziprecruiter/uploads/e1b37206.jpeg=s64x64,Service Manager,"San Marcos, CA","Brax Company, Inc",The Service Manager shall be responsible for the overall service operations management. The SM shall manage each of his/her direct reports and work with other deparments to establish a standard of ...,https://www.ziprecruiter.com/jobs/morphius-corp-51161d08/customer-service-representative-work-from-home-f08f6bc7?lvk=uGGu4NtjfxJVOqhTxAnZtQ.--LnvyqtVtZ,Full-Time
https://www.ziprecruiter.com/zrs/9927a89e/img/candidate/business.svg,Order Entry Customer Service Representative,"Escondido, CA",Fluid Components International,Join the world leader in thermal mass flow meter technology. FCI began in 1964 by pioneering the development and application of thermal dispersion flow and level sensing technology. The Company is ...,https://drive4united.com/lease-purchase?utm_source=ziprecruiter&utm_medium=cpc&utm_campaign=lp_hhg_ca_ziprecruiter&r=leadflex_zip_lp_uni_hhg&id=86743-86705-522089747,Full-Time
https://www.ziprecruiter.com/svc/fotomat/public-ziprecruiter/uploads/2a1e2fbc.jpeg=s64x64,Office Shipping Clerk,"Vista, CA",Hireground Personnel Services,"Full time Shipping Clerk in a office environment Oversees and keeps records of all shipping and receiving. Responsible for organizing, sorting, and transferring goods from one location to another",https://www.ziprecruiter.com/jobs/ail-354113d7/customer-service-representative-virtual-interview-6be2cfe7?lvk=Ii1AVrymEvtVgW6FeQh1aw.--LoDjvZVlR,Full-Time
https://www.ziprecruiter.com/zrs/9927a89e/img/candidate/business.svg,-Customer Service and Sales Representative,"Oceanside, CA",Wilber Rendon-District Office,The Customer Service and Sales Representative (CSSR) will work to maximize positive customer experiences by responding to customer inquiries and resolving issues as they arise. They will communicate ...,https://www.ziprecruiter.com/jobs/edco-waste-and-recycling-8c42c3e0/customer-service-representative-5a7e1614?lvk=zdjuEAXGyzIEuXbVxLWJDg.--LnkuusEI-,Full-Time
https://www.ziprecruiter.com/zrs/9927a89e/img/candidate/business.svg,Licensed Life Insurance Agent - Free Inbound Leads (Sales License Required),"Carlsbad, CA",Assurance,"Requirements: * Have an insurance sales license in one (1) or more states * High-speed internet, reliable computer, and headset with microphone * History of compliant insurance sales practice ...",https://click.appcast.io/track/5yl1eq3?cs=1w&jg=2tzb&bid=enfIXWrJlRWKdiRSoZkstQ==&cid=3dc0a2c1-b161-4e0a-8ac1-21b638645adf,
https://www.ziprecruiter.com/zrs/9927a89e/img/candidate/business.svg,CDL-A Lease Purchase Truck Driver - $1.00-MILE BASE PAY!,"San Diego, CA",John Christner Trucking,Call Today to Learn More About Our NO CASH DOWN Lease Purchase Program for Solos! John Christner Trucking is moving critical fresh food loads to restock shelves and need hard working professionals ...,https://www.ziprecruiter.com/jobs/ars-national-services-inc-2d029e25/call-center-representative-abb9c77c?lvk=7_G9yf7UGA25-sG4V2IVlw.--LoDqWBBMs,Full-Time
https://www.ziprecruiter.com/svc/fotomat/public-ziprecruiter/uploads/74a066d1.jpg=s64x64,Insurance Agent/Virtual - Leads and Training Provided!,"Vista, CA",HealthMarkets Insurance Agency,During these unprecedented times the HealthMarkets career opportunity gives you the capability to work-from-home and build your business by virtually connecting with your clients. We offer you year ...,https://kelly.secure.force.com/CandidateExperience/CandExpJobDetails?id=a7V2E0000005C5D&rx_source=ziprecruiter&utm_source=ziprecruiter&utm_medium=cpc&utm_campaign=paid_b2c_always-on&utm_content=ziprecruiter_always-on,
https://www.ziprecruiter.com/zrs/9927a89e/img/candidate/business.svg,Client Service Coordinator,"Encinitas, CA",H&R Block,"386860BR Title: Client Service Coordinator What you'll do... : Joining H&R Block as a seasonal Receptionist means you'll relentlessly focus on how to wow clients now, and in the future. You'll need ...",https://drive4united.com/united-specialized-goods?utm_source=ziprecruiter&utm_medium=cpc&utm_campaign=spec_ca_ziprecruiter&r=leadflex_zip_specialized&id=86744-39999-2123496079,Full-Time
https://www.ziprecruiter.com/zrs/9927a89e/img/candidate/business.svg,Customer Success Representative,"Temecula, CA",SheBird,"· Answer incoming customer requests regarding product: general product information, fit, material, handling and care, exchanges, refunds, billing issues, etc · Responsible in assisting Operations ...",https://www.ziprecruiter.com/jobs/sedona-staffing-san-diego-1f27cc51/customer-service-retention-specialist-ccc5e928?lvk=7fbsJOgV_er24dwpGmQM-Q.--Lo8kfoGEB,Part-Time
https://www.ziprecruiter.com/svc/fotomat/public-ziprecruiter/uploads/7bfd8584.jpeg=s64x64,Bilingual Sales Professional,"Vista, California",New York Life Insurance Company,"New York Life is seeking Bilingual professionals who want to build an insurance & financial business with the potential to earn a significant income, set their own pace and maintain a flexible ...",https://www.ziprecruiter.com/jobs/terminix-39580cfc/outside-sales-professional-c7718f72?lvk=5wi_JOi8ZfEx6B3QTuMruA.--LmhJ2OyqJ,Full-Time
https://www.ziprecruiter.com/zrs/9927a89e/img/candidate/business.svg,Local CDL A Driver,"Vista, CA",SRS Distribution,"You are in the driver's seat with a career at Roofline, an SRS Distribution company. We are a leading wholesale distributor of roofing and building materials and need Drivers to grow our business. We ...",https://www.ziprecruiter.com/jobs/pridestaff-b9ca024a/shipping-and-receiving-associate-warehouse-4b7e684d?lvk=Na-6mExSWBMLIR0_i1yyzg.--LnN-BQbOs,Full-Time
https://www.ziprecruiter.com/zrs/9927a89e/img/candidate/business.svg,Customer Service Representative,"Temecula, CA",FASTSIGNS International,Do your friends and co-workers refer to you as a people person? Have friends or people told you or suggested you go into sales? Do you enjoy working with people? Do you enjoy helping people solve ...,https://jobs.nexstarnetwork.com/listings?jobID=1303,Full-Time
https://www.ziprecruiter.com/zrs/9927a89e/img/candidate/business.svg,Seasonal Stock Teammate,"San Marcos, CA","Under Armour, Inc.",Under Armour Retail is seeking a brand passionate Sales Associate. The Sales Associate is responsible for individual sales performance. By maintaining a working knowledge of all Under Armour products ...,https://www.ziprecruiter.com/jobs/talentzok-be614d66/sales-support-specialist-12199-90e03c07?lvk=iVNzRFkGm6SIV3ZJZre30w.--LoDjBAxzo,Full-Time
https://www.ziprecruiter.com/zrs/9927a89e/img/candidate/business.svg,Customer Service Representatives $14.00 Hour,"San Diego, CA",Manpower,"Job Title : Customer Service Representatives Location : Temecula, CA Pay Rate: $14.00 per hour Schedule : Monday to Friday, First Shift, flexible start time! Job Duties: * Takes inbound calls and ...",https://www.ziprecruiter.com/jobs/talentry-llc-263c06cf/client-support-manager-2dcafc87?lvk=O8Y71jv_GD_CNjKBBMsR_g.--Lo51ZVvxF,Full-Time
https://www.ziprecruiter.com/zrs/9927a89e/img/candidate/business.svg,Occupational Therapist (OT),"Oceanside, CA",The Stepping Stones Group,"Occupational Therapist Positions Available Now - San Marcos, CA The Stepping Stones Group is currently interviewing Occupational Therapists like YOU for the 2020-2021 School Year! Join us in our ...",https://click.appcast.io/track/5qyua0m?cs=hza&exch=7t&jg=2y85&bid=sRS14RAdoqfHPm8NGdVcjA==&cid=b132636d-1732-4ca5-adca-06f19cb6659c,Part-Time
https://www.ziprecruiter.com/svc/fotomat/public-ziprecruiter/uploads/16ad3eee.jpeg=s64x64,Healthcare Customer Service Representative,"San Marcos, CA",CSL Staffing,"CSL Staffing has an AMAZING learning opportunity for a caring professional that wants to further develop their skills and knowledge in healthcare, while making a difference in patients' lives. This ...",https://www.ziprecruiter.com/jobs/ultimate-staffing-c834178c/customer-service-representative-escalations-specialist-c2358985?lvk=ANhEykAdvFnIuZjE5elo6g.--Lo0NE4TJR,Full-Time
https://www.ziprecruiter.com/svc/fotomat/public-ziprecruiter/uploads/bcf61f67.jpeg=s64x64,CDL with Tanker endorsement,"Carlsbad, CA",NextGen Global Resources,There are 6 laborers and 6 Laborers w/ CDL Tanker endorsement spots available The yard is in Oceanside- the job site is in Encinitas SUMMARY OF POSITION: Ability to perform routine manual and semi ...,https://click.appcast.io/track/63t9ava?cs=cuz&jg=34bu&bid=Vj1RoCSpN2lX4uCyPxSDCQ==&cid=329d6038-b6ae-4c39-8fba-f291431384d0,Full-Time
https://www.ziprecruiter.com/zrs/9927a89e/img/candidate/business.svg,Client Care Specialist - Emergency,"Carlsbad, CA",Ethos Veterinary Health,Veterinary Specialty Hospital (VSH) is looking for a swing shift Client Care Specialist for our San Marcos location. About Veterinary Specialty Hospital: At VSH our mission is to advance the ...,https://www.ziprecruiter.com/ojob/7f8d2099b4f2dad8a827be69af1d2d6e?lvk=Ko8P73wP5SfmHMoro0owPA.--LnnlFUv2-,Full-Time
https://www.ziprecruiter.com/zrs/9927a89e/img/candidate/business.svg,Part Time Office Assistant,"Escondido, CA",Ultimate Staffing Services,The part-time Office Administrator will assist the Shipping and Order Processing departments. Skill Set: · Detail oriented and positive outlook as a Customer Service Rep · Able to work in a fast ...,https://click.appcast.io/track/5ych5xt?cs=hrk&jg=344v&bid=l5BwiB3NxDOxaGea2h5FoA==&cid=62812801-0ad8-43b9-805c-8f921ac4108d,Part-Time
https://www.ziprecruiter.com/zrs/9927a89e/img/candidate/business.svg,"Sr. Program Manager, Genetic Sciences Division","Fallbrook, CA",Thermo Fisher Scientific,"Thermo Fisher Scientific Inc. is the world leader in serving science, with annual revenue exceeding $25 billion. Our Mission is to enable our customers to make the world healthier, cleaner and safer",https://www.ziprecruiter.com/jobs/lear-solutions-inc-c22629b5/fun-energetic-people-wanted-customer-service-immediate-hire-2bf148e4?lvk=FXgkd98LAvNEpA-IWrq6gw.--Lo8gRDG8B,Full-Time
https://www.ziprecruiter.com/svc/fotomat/public-ziprecruiter/uploads/1ee6381d.png=s64x64,Sales Executive - Remote/In Person,"Carlsbad, CA",Best Version Media,"Join One of the Fastest Growing Privately Held Media Companies in North America. We Are Recognized Year After Year for our Outstanding Growth, Positive Culture and Opportunity. About Us: Best Version ...",https://click.appcast.io/track/5sa9pa6?cs=2h&jg=2y7v&bid=99oIzNreLyG-EwolpmPmGA==&cid=54732f1e-3a92-45c7-91fe-0218f30e6117,Full-Time
https://www.ziprecruiter.com/zrs/9927a89e/img/candidate/business.svg,Truck Driver CDL A Needed!,"San Marcos, CA",YRC Freight,"CDL A Truck Drivers Needed! We offer 100% paid health care insurance, great home time and more! Call 866-214-5950 to speak with a recruiter! Join the YRC Freight family! Drive with us and help us ...",https://simpleapply-asm.icims.com/jobs/297365/job?mode=apply&iis=Job+Board&iisn=ZipRecruiter,Full-Time
https://www.ziprecruiter.com/zrs/9927a89e/img/candidate/business.svg,"Program Manager, Data Science","Oceanside, CA",Thermo Fisher Scientific,"Program Manager, Data Science When you're part of the team at Thermo Fisher Scientific, you'll do important work, like helping customers in finding cures for cancer, protecting the environment or ...",https://www.ziprecruiter.com/jobs/talentzok-be614d66/admin-support-coordinator-12246-995b9c43?lvk=erwQ0_aypH9RxI9fERax8Q.--LnlT-eFy-,Full-Time
https://www.ziprecruiter.com/zrs/9927a89e/img/candidate/business.svg,"Truck Driver - Earn up to 48 CPM + $1,000 Sign-On Bonus","San Diego, CA",JBS Carriers - Greeley Regional,"CDL-A Truck Driver Opportunities With JBS Carriers! Greeley Regional Fleet: Haul Loads Out of Our Corporate Terminal in Greeley, CO! JBS is running at full capacity to keep the nation supplied with ...",https://www.jobsintrucks.com/cgi-local/driversearch.cgi?action=ViewJobDetails&TypeOfUser=browse&JobIndNum=14668843&Source=ziprecruiter-ao-cpc,Full-Time
https://www.ziprecruiter.com/zrs/9927a89e/img/candidate/business.svg,Customer Service Coordinator,"Vista, CA",Dexter Axle,"Dexter, the premier supplier and manufacturer of axles, doors, venting products an related components in the utility trailer, boat trailer, recreational vehicle, heavy duty and manufactured housing ...",https://www.ziprecruiter.com/jobs/advanced-resources-fdffa426/corporate-customer-service-opportunity-medical-devices-00de7910?lvk=Lz8k_mW0WxTc44VO4bQrdQ.--LnuIJzzFF,Full-Time
https://www.ziprecruiter.com/zrs/9927a89e/img/candidate/business.svg,Class A CDL Driver,"Vista, CA",Pacific Freight Inc.,"Pacific Freight Inc. is urgently hiring drivers! Job Type: Full Time Pay: $1,200 - $1,400 a week (W2 position paid weekly) Qualifications: - Minimum of 1 year experience (in the last 3 years) as a CD ...",https://click.appcast.io/track/63tsvx3?cs=cuz&jg=3107&bid=5-jlzMJVMiFgn2rIe1BmJw==&cid=97522c77-7056-476a-8e31-762be4741f91,Full-Time
https://www.ziprecruiter.com/svc/fotomat/public-ziprecruiter/uploads/cfa6f810.jpeg=s64x64,Shipping Associate,"Solana Beach, CA",TargetCW,"Shipping Associate San Diego, 92126 Full Time Mon- Fri $14/hr + Benefits 6:30am-3:00pm ARE YOU LOOKING FOR IMMEDIATE WORK THAT REQUIRES LITTLE EXPERIENCE? IF YOU HAVE 2+ YEARS OF WAREHOUSE/SHIPPING ...",https://click.appcast.io/track/5vnqs5x?cs=2h&jg=33vq&bid=Ymgocxdk3VZBoJOat4BP2A==&cid=3f25b334-a8d5-43ae-9498-1f80ce282275,Full-Time
https://www.ziprecruiter.com/svc/fotomat/public-ziprecruiter/uploads/88e567ee.jpeg=s64x64,Packing Associate Part Time,"Carlsbad, CA",Staffmark,Our client in Vista is looking for great people who can start right away! Packing associates are responsible for the production and/or packaging of a variety of manufactured products. We currently ...,https://www.ziprecruiter.com/jobs/newfield-careers-13e2c5a8/account-manager-landscape-maintenance-7399a200?lvk=mS_Pb9BiOPhV_G0xbuV3AQ.--LoDgRrug7,Temporary
https://www.ziprecruiter.com/zrs/9927a89e/img/candidate/business.svg,Customer Service Representative,"San Marcos, CA",EasyPay Finance,EasyPay Finance is a fast-growing financial services technology firm established in 2001. We assist merchants in the automotive services and various retail sectors in meeting the financing needs of ...,https://click.appcast.io/track/63tu1o6?cs=cuz&jg=2k1d&bid=mZMtccklLBaSWFOs8aMwew==&cid=cbaa5ea0-36ec-45f7-9591-ed7a232f84c2,Full-Time
https://www.ziprecruiter.com/zrs/9927a89e/img/candidate/business.svg,70120-Merchandise Associate,"Vista, CA",HomeGoods,"Responsible for delivering a highly satisfied customer experience demonstrated by engaging and interacting with all customers, embodying customer experience principals and philosophy, and maintaining ...",https://www.ziprecruiter.com/jobs/medical-professionals-6ff3b6d9/call-center-appointment-scheduler-d4112667?lvk=evgsAsifG85Yhpqy2yzsag.--LnvFowJH7,Full-Time
https://www.ziprecruiter.com/zrs/9927a89e/img/candidate/business.svg,Veterinary Customer Service Representative,"Carlsbad, CA",Antech Diagnotics,Overview The Triage Customer Service Representative is the first point of contact for a customer seeking support assistance. This individual is highly customer focused and an excellent communicator,https://www.ziprecruiter.com/ojob/a8493317aaae357288a0011a241b84a3?lvk=E-SpgZKuG3fUpe3I86MNzw.--LoC8OvK3Z,Full-Time
https://www.ziprecruiter.com/svc/fotomat/public-ziprecruiter/uploads/124f30be.jpg=s64x64,Pumper Service Driver- Commercial,"Valley Center, CA",DIAMOND ENVIRONMENTAL SERVICES LP,"**Diamond Environmental Services is an Essential Sanitation service to critical infrastructure work for construction, energy, waste, and healthcare industries and government sites. We are open and ...",https://www.ziprecruiter.com/ojob/b59ed8c46984e11399fc3cdf3476f339?lvk=8DNDmltBl1HdFW2-DWlgyw.--LnUrLSEVo,Full-Time
https://www.ziprecruiter.com/zrs/9927a89e/img/candidate/business.svg,Customer Service Representative,"Carlsbad, CA",Masco Corporation,"We are hiring a Customer Service Representative to join our Customer Care team! DISCOVER Are you passionate about providing world-class customer service? As Customer Service Representative, you will ...",https://www.ziprecruiter.com/jobs/toolshed-equipment-rental-f9a982be/customer-service-representative-446cb1d5?lvk=jHuOSgt56w1867m4VuE5GA.--LmkWy5R4g,Part-Time
https://www.ziprecruiter.com/svc/fotomat/public-ziprecruiter/uploads/8551bc00.jpeg=s64x64,Work from Home - Entry Level - Sales Rep,"San Marcos, CA",Vector Marketing,Vector Marketing is currently holding virtual interviews for entry level sales rep positions. Our representatives have an opportunity to work from home selling Cutco products through one on one ...,https://www.ziprecruiter.com/ojob/fe5a68ec8ff05b6a9711cc2ebba7b654?lvk=x-uQpSzEaDqD40Q255ifIw.--LnKeBkfoc,
https://www.ziprecruiter.com/zrs/9927a89e/img/candidate/business.svg,Seasonal Local CDL B Delivery Truck Drivers - Home Daily,"Oceanside, CA",Ferrellgas,"Now Hiring Local CDL B Delivery Drivers! Seasonal & Home Daily Benefits: * Medical, Dental, Vision, and Prescription Insurance Plans * 401(k) plan with generous company match * Paid time off ...",https://www.ziprecruiter.com/jobs/consumer-goods-company-66fee5d4/customer-service-representative-e602a7c9?lvk=kSm9_bOq3nhjcNpBAaDQog.--LmhH9gttg,Full-Time
https://www.ziprecruiter.com/zrs/9927a89e/img/candidate/business.svg,BDC Sales Rep/Call Center,"Carlsbad, CA",Toyota Carlsbad,We are a successful automotive group looking for career-oriented professionals who enjoy working with and helping customers find their next vehicle. The position involves connecting with customers ...,https://www.ziprecruiter.com/jobs/aflac-39e92651/insurance-sales-agent-7a339609?lvk=hEqVHxXDT0uFKii7vzCu1g.--Lnb6ogf8s,Full-Time
https://www.ziprecruiter.com/zrs/9927a89e/img/candidate/business.svg,CDL A Truck Driver - Generous Home Time,"San Diego, CA",Wilson Logistics,"Wilson provides drivers better pay, better home-time, and better benefits. At Wilson, it's just better.JOIN THE FAMILYHiring Company DriversWestern Regional Position Details: Solo $0.46 CPM / Teams ...",https://www.ziprecruiter.com/jobs/solar-brokers-25f195d1/sales-representative-9011d0d4?lvk=_YGdYm79GbZm_UpFrp-2Sw.--Lo7kl4Its,Full-Time
https://www.ziprecruiter.com/zrs/9927a89e/img/candidate/business.svg,PBX/ANSWERING SERVICE OPERATOR,"Temecula, CA",Tri City Healthcare District,"US-CA-Oceanside Position Summary: Operates a multiple-position switchboard, including handling incoming, outgoing and intra-service calls. Communicates information in a clear and concise manner",https://www.ziprecruiter.com/jobs/high-quality-water-7c5c9392/customer-service-representative-81d5ac3a?lvk=PXVc_9KSZvF4fAACn_VTaQ.--LnTH4w7aB,Full-Time
https://www.ziprecruiter.com/zrs/9927a89e/img/candidate/business.svg,Outside Technical Sales Representative,"Oceanside, CA",Sanitary Fluid Products,"* SFP has an exceptional reputation in the industries we serve. * We offer an extensive portfolio of sanitary equipment, systems and services to provide start-to-finish support for your next project",https://click.appcast.io/track/61fn98a?cs=2h&jg=33vq&bid=Ymgocxdk3VZBoJOat4BP2A==&cid=21af83e8-3695-44cb-a79d-c766bcb0a74b,Full-Time
https://www.ziprecruiter.com/zrs/9927a89e/img/candidate/business.svg,Customer Service Representative,"Oceanside, CA",Global SaaS Provider,"CUSTOMER SERVICE REPRESENTATIVE We are looking for a hands on, high-energy, Customer Service team member, who has experience in customer service, and is interested in gaining technical knowledge. You ...",https://www.ziprecruiter.com/jobs/pridestaff-3ffeac87/customer-care-agent-retention-9a3cbe68?lvk=_BE2onghclahLLg4ftzrGw.--LmyeNS9V3,Full-Time
https://www.ziprecruiter.com/zrs/9927a89e/img/candidate/business.svg,"Truck Driver - Flexible Home Time - Average $73,000/Year","San Diego, CA",Gardner Trucking - Southern California,"Hiring Company Drivers Home Daily - Average $73,000 Yearly - $5,000 Sign-On Bonus Until Nov. 27th Since its roots more than 30 years ago, Gardner Trucking, Inc. has grown through the Lanting family ...",https://www.ziprecruiter.com/jobs/brax-company-inc-149f7900/service-manager-3e4aec80?lvk=kl8FrBmIDufcZgg_D4DyjQ.--Lnpei6iSw,Full-Time
https://www.ziprecruiter.com/zrs/9927a89e/img/candidate/business.svg,"Proj Coord, Ord Fulfillmt","Carlsbad, CA",PIRCH,"Job Summary/Objective At PIRCH we are empowered, knowledgeable and caring. As Project Coordinator, you are an integral part of the customer journey and will guide customers through the purchase-to ...",https://www.ziprecruiter.com/jobs/fluid-components-international-1b3955bb/order-entry-customer-service-representative-45913771?lvk=Ql5Iwt-Pw4eblegCIJcheQ.--LoCc4iltk,Full-Time
https://www.ziprecruiter.com/zrs/9927a89e/img/candidate/business.svg,"Coord, Service & Warranty","Carlsbad, CA",PIRCH,"PIRCH is a luxury retailer of appliance, plumbing and outdoor products with a passion for creating a revolutionary retail experience for our customer and team members. If you've visited our award ...",https://www.ziprecruiter.com/jobs/hireground-personnel-services-c650322e/office-shipping-clerk-a1330afc?lvk=VQ-uJZvcTtjX2dy3JJI2bg.--Lnq9OsROc,Full-Time
https://www.ziprecruiter.com/svc/fotomat/public-ziprecruiter/uploads/58d7e068.jpeg=s64x64,Call Center Customer Support Specialist,"Poway, CA",Sedona Staffing Moline,Call Center Support Representative - Potential Temp to Hire - Multiple positions available. Location: Near Rancho Bernardo - Off of Hwy 15 Hours: Monday - Friday 1st Shift Duration: Long Term Hourly ...,https://www.ziprecruiter.com/jobs/wilber-rendon-district-office-3ddfb2e3/customer-service-and-sales-representative-98d81393?lvk=UB5-RpSJ4_IWL4hqH8CiuQ.--LnrUDv82V,Full-Time
https://www.ziprecruiter.com/zrs/9927a89e/img/candidate/business.svg,Operations Services Specialist,"San Marcos, CA",Pacific Western Bank,"Overview As an Operations Services Specialist, you will be a team-oriented individual responsible for performing a variety of deadline based intermediate-level tasks in an office environment while ...",https://click.appcast.io/track/63q4nf2?cs=hrk&jg=2yvo&bid=zCD0ruEca7I50FzR_CMSJw==&cid=54bf5b63-1a36-45d3-84f1-ddb9af0fb0ec,Full-Time
https://www.ziprecruiter.com/zrs/9927a89e/img/candidate/business.svg,Owner Operator & Lease Purchase Truck Drivers,"Encinitas, California",A&A Express,Increase Cash Flow! New Owner Operator Business Program - A;A Express wants to get you started on the right foot. Call a recruiter for details! A;A Express Offers Owner Operators: * Our Owner ...,https://click.appcast.io/track/5e9ojvn?cs=5z9&jg=1uxy&bid=4uL3Mqbnb3wOHQb9DD7Rng==&cid=beaca9bc-04db-4880-92cc-e6c120bac6a7,Full-Time
https://www.ziprecruiter.com/zrs/9927a89e/img/candidate/business.svg,Assistant Store Manager - Store 318-S,"Carlsbad, CA",99 Cents Only Stores,"The Assistant Store Manager (ASM) - is responsible for driving the store's merchandising and operations strategy through cleanliness, presentation, display, product selection, inventory control, and ...",https://www.ziprecruiter.com/jobs/healthmarkets-insurance-agency-48c6373f/insurance-agent-virtual-leads-and-training-provided-d9668c3b?lvk=cmPB2kfp_u-PjZm3ksf7_g.--Lmhm0C84Z,Full-Time
https://www.ziprecruiter.com/zrs/9927a89e/img/candidate/business.svg,Customer Service Rep,"Oceanside, CA",Robert Half,"DescriptionCustomer Service Representative Openings!OfficeTeam has an excellent career opportunity for an articulate, highly-skilled Customer Service Representative in a growing industry. Do you love ...",https://www.ziprecruiter.com/ojob/bed2f935fd499b1242c47925379bc64d?lvk=eotSDsS-KcE4M5IJVnZyFQ.--LmrNe5orB,Full-Time
https://www.ziprecruiter.com/zrs/9927a89e/img/candidate/business.svg,Experienced Inside Sales Associate,"Encinitas, CA",AutoNation - BMW of Encinitas,"BMW of Encinitas Position Overview The e-Commerce Sales Associate interacts with hundreds of customers - online, over the phone and in person - to help guide their vehicle purchase in our no-haggle ...",https://www.ziprecruiter.com/jobs/shebird-ae97cc2e/customer-success-representative-73b81163?lvk=T6fikBIfkr4lW4jeoN4fzg.--LmiXR7gks,Full-Time
https://www.ziprecruiter.com/zrs/9927a89e/img/candidate/business.svg,Associate Client Relationship Manager,"Carlsbad, CA",IQVIA,"This role focuses on achieving staffing objectives by sourcing, recruiting and interviewing job candidates; select top talent to present to clients; assist in new hire orientation and manages ...",https://www.ziprecruiter.com/jobs/new-york-life-insurance-company-a378a0a6/bilingual-sales-professional-264ab239?lvk=svYQ4dspK63kXPPmy8wuNQ.--LmppyNgI3,Full-Time
https://www.ziprecruiter.com/svc/fotomat/public-ziprecruiter/uploads/54eedd9e.jpeg=s64x64,Service Coordinator,"San Marcos, CA",Lincoln Military Housing,Lincoln Military Housing - A company for Growth and Opportunity! Lincoln Military Housing was formed in 2001 through a Department of Defense (DoD) contract with parent company Lincoln Property ...,https://neuvoo.com/job.php?id=0bac74d6d435&oapply=org_v2020-11&source=ziprecruiter_bulk&utm_source=partner&utm_medium=ziprecruiter_bulk&puid=gddg3aeegadf3aedfdd93dec3aec3deabaacdd9c4dadfdabaea33def3dea9ed3cbdbfbdd7cdcded3bddfbddagd,Full-Time
https://www.ziprecruiter.com/zrs/9927a89e/img/candidate/business.svg,CUSTOMER SERVICE REP (805 BIRMINGHAM DR),"Encinitas, CA",Chevron Stations Inc.,": Are you interested in cashier, retail, or gas station attendant opportunities with great benefits? Then apply today as a Customer Service Representative-Cashier for Chevron Stations Inc.! Join us ...",https://www.ziprecruiter.com/ojob/6337ea9a98bda72204835ee5a5f7cdd6?lvk=8P02lNff2xX8XztBQZpZPQ.--LnnzxuCFk,Contractor
https://www.ziprecruiter.com/svc/fotomat/public-ziprecruiter/uploads/4f15b3dc.jpeg=s64x64,Shipping Associate,"Carlsbad, CA",ATR International,"**Local candidates only please** Pay = $15+/hr. **HS Diploma/GED required for this position We are seeking a Shipper for a very important client. Employee would be part of the Replenishment Team, which ...",https://dsp.prng.co/h_YwuCb?clickid=a9a547be-e19d-47d8-bc4a-20095f44d5d0,Full-Time
https://www.ziprecruiter.com/zrs/9927a89e/img/candidate/business.svg,CMV/Warehouse,"Oceanside, CA",Service Partners,"We are looking for individuals who are eager to develop and apply their skills in ways that make a positive impact to communities. Here, you'll be proud to be a part of a company known for putting ...",https://www.ziprecruiter.com/jobs/manpower-4f7a10a1/customer-service-representatives-14-00-hour-f816abb5?lvk=rDbGPEFJTqpLwtUvSPIQaA.--LnNun2ENF,Full-Time
https://www.ziprecruiter.com/zrs/9927a89e/img/candidate/business.svg,Retail Merchandiser,"Carlsbad, CA",TNG Retail Services,TNG Retail Services is Now Hiring! Are you looking for consistent work with weekends free? Join us as a Overnight Reset Merchandiser. This position fits well for those who enjoy a nightly challenge ...,https://www.ziprecruiter.com/jobs/the-stepping-stones-group-0bacf6c9/occupational-therapist-ot-dfa5bf4b?lvk=STqcvl7H5iHzTQU56Sq9jA.--LnyHM9ZVw,Full-Time
https://www.ziprecruiter.com/zrs/9927a89e/img/candidate/business.svg,Customer Service Representative - Tier 1,"Oceanside, CA",Aerotek,Position: Customer Service Representative - Tier 1 Pay: $16-$17.50 depending on experience Job Description: + Answer phone calls and emails to fulfill customer and distributor inquiries while ...,https://www.ziprecruiter.com/jobs/csl-staffing-f040cd79/healthcare-customer-service-representative-93b953ba?lvk=e7pmE8hGChqfux5EeA7Eng.--Lo-j0P2ew,Full-Time
https://www.ziprecruiter.com/zrs/9927a89e/img/candidate/business.svg,CDL Driver Class A,"San Marcos, CA",Oak Hills Logistics Inc.,Urgently Hiring! We Offer: * Major Holidays Paid * 1 week Vacation after 1 year * 2 week vacation after 3 years * Health Benefits after 60 days * Referral Bonus * 401 (K) Offered! Our Requirements ...,https://www.ziprecruiter.com/jobs/nextgen-global-resources-1a2065b0/cdl-with-tanker-endorsement-752349b8?lvk=wIneWCL2_atroWyqOwtlhw.--Lo69V1qJ3,Full-Time
https://www.ziprecruiter.com/zrs/9927a89e/img/candidate/business.svg,Customer Technical Support Specialist l,"Carlsbad, California",GenMark Diagnostics,"HEROES WORK HERE! DO YOU WANT TO JOIN A COMPANY WHERE YOU CAN BE A HERO TOO? We deliver innovative, diagnostic solutions that improve the lives of patients and their families and are proud to be one ...",https://www.ziprecruiter.com/jobs/ethos-veterinary-health-8ea2269b/client-care-specialist-emergency-274ca9e2?lvk=iJ7RfszD-WeMWk4-br5vzQ.--LnxI70AA3,Full-Time
https://www.ziprecruiter.com/zrs/9927a89e/img/candidate/business.svg,Receptionist / Administrative Support,"Vista, CA",Classic Showcase Inc,"We have an immediate opening for a Receptionist / Administrative Support . The position can be full-time or part-time. Duties include, but are not limited to: · Answering phones (4 lines) · Typing ...",https://www.ziprecruiter.com/jobs/ultimate-staffing-services-1100fce8/part-time-office-assistant-1d20957d?lvk=URx-4Je9KK3QQWhc5XAIfw.--Lnw4CWkyV,
https://www.ziprecruiter.com/svc/fotomat/public-ziprecruiter/uploads/c9b3801b.jpeg=s64x64,Typist Clerk III (Full Time),"Carlsbad, CA",San Marcos Unified School District,"This position is a 8 hours per day, 5 days per week (M-F), 12 Months a year. The current opening is at the District Office in Student Services. JOB TITLE: Typist Clerk III Job Purpose Statement/s",https://click.appcast.io/track/5mez9n9?cs=1w&jg=33iw&bid=_KvY79XKyBToX4lkJAy5iw==&cid=d16d060d-ab03-47a1-8561-e9604b468e9e,Full-Time
https://www.ziprecruiter.com/zrs/9927a89e/img/candidate/business.svg,Customer Support,"Oceanside, CA",Planning Center,At Planning Center we build powerful web and mobile applications for churches. Each of our eight products has a dedicated team of designers and developers committed to refining and expanding that ...,https://www.ziprecruiter.com/jobs/best-version-media-0de0d7d1/sales-executive-remote-in-person-4e0b9dc6?lvk=LNRnBLeXh8vrH9X4s7LT1Q.--Lo-cUIRgZ,Full-Time
https://www.ziprecruiter.com/zrs/9927a89e/img/candidate/business.svg,Hiring CDL A Owner Operator- CDL-A Required (Vista),"Carlsbad, CA",GetTruckerJobs.com,"Hiring in Your Area! We will match your application to companies hiring Owner Operators in your area, with your experience and qualifications. Our site offers a multi-carrier application, connecting ...",https://click.appcast.io/track/kgku3i?cs=2h&jg=p8x&bid=uCx3gO057cUfZGeF0aWr2A==&cid=183f7014-6747-4ffa-869b-d74968f96fcd,Part-Time
https://www.ziprecruiter.com/zrs/9927a89e/img/candidate/business.svg,Relationship Associate Senior,"San Marcos, CA",City National Bank,"WHAT IS THE OPPORTUNITY? Their primary responsibility is to work directly with clients on a daily basis in handling all areas of client service, operational tasks, and sales consultation. Expert in ...",https://click.appcast.io/track/5wpubd1?cs=1w&jg=33iw&bid=_KvY79XKyBToX4lkJAy5iw==&cid=7afe1a24-77bc-48b1-b49f-d17a0bc3bdf4,Full-Time
https://www.ziprecruiter.com/svc/fotomat/public-ziprecruiter/uploads/118fe65d.jpeg=s64x64,Driver Class C CDL,"La Jolla, CA",Hobie Cat Company,Job Description We are looking for a Flatbed truck driver to support our factory. Drivers of flatbeds must have experience combined with physical strength to succeed at this role. All flatbed truck ...,https://click.appcast.io/track/63tt046?cs=cuz&jg=2iii&bid=yG21_Qzxq2fpdvTlw_qDzw==&cid=a4282a53-d7d9-4ba0-a2ae-d9886e994fc3,Full-Time
https://www.ziprecruiter.com/zrs/9927a89e/img/candidate/business.svg,Client Coordinator,"Carlsbad, CA",Maxim Healthcare,"The Client Coordinator works with clients, patients and active caregivers to identify open shifts, availability, and coordinate schedules. The Client Coordinator understands the needs, requirements ...",https://www.ziprecruiter.com/ojob/aefda232e92cd05aeaaeeed5f6b383cc?lvk=CqLHh-x3Nitv3TtkiHuNYw.--Lo4juAVRo,Full-Time
https://www.ziprecruiter.com/zrs/9927a89e/img/candidate/business.svg,Client Service Coordinator - H,"Vista, CA",Aveanna Healthcare,"Position Overview The Client Services Coordinator (CSC) is primarily responsible for recruitment, hiring, staffing and scheduling of caregivers that meet the patient's needs. Responsible for ...",https://www.ziprecruiter.com/jobs/pacific-freight-inc-83782a50/class-a-cdl-driver-53bf3c5e?lvk=frxCrC63S0CR2u-eF1iq3A.--Lnq7KSZWV,Full-Time
https://www.ziprecruiter.com/zrs/9927a89e/img/candidate/business.svg,Business Service Manager,"San Clemente, CA",Morgan Stanley,"POSITION SUMMARY: The Business Service Manager will work closely with the Complex Business Service Officer to supervise, manage and support all business and service functions within the Complex",https://www.ziprecruiter.com/jobs/targetcw-69111d9e/shipping-associate-4f7b2e8e?lvk=weDpu1JdDAldTGdW4Qqu4w.--LnqCPTcAN,Full-Time
https://www.ziprecruiter.com/zrs/9927a89e/img/candidate/business.svg,Customer Service,"San Diego, CA",Adecco,"How would you like to earn $17-$19 per hour for Customer Service work? If so, you're in luck because Adecco is currently hiring Customer Service Workers in Carlsbad, CA! This is a temporary ...",https://www.ziprecruiter.com/jobs/staffmark-b57698eb/packing-associate-part-time-e6f7c98f?lvk=20GcvsU-803UTTZBrsfIzQ.--LmhGoxeWR,Full-Time
https://www.ziprecruiter.com/zrs/9927a89e/img/candidate/business.svg,Order Management and Customer Operations Manager - Americas,"Carlsbad, CA",D&M,"Reporting to the Director of Commercial Operations, the Order Management & Customer Operations Manager will have full ownership of Sound United's Americas Order Management and New Customer Onboarding ...",https://www.ziprecruiter.com/jobs/easypay-finance-4225d2c8/customer-service-representative-4337b9ae?lvk=UC2VKB_C8ecyqNbyP8jiHA.--Lmg-qXoZs,Full-Time
https://www.ziprecruiter.com/zrs/9927a89e/img/candidate/business.svg,Customer Service Assistant,"Vista, CA",North County Transit District,"Description DEFINITION As customer service is the voice and face of NCTD, the Customer Service Assistant (CSA) must possess exemplary skills in communication and be able to assist all customers. The ...",https://click.appcast.io/track/61r8468?cs=iax&jg=2sdy&bid=rZ-ZBYiOhiPQiAeYFatKww==&glo_cid=7277fe55094593a84ec26f90209d6b83,Full-Time
https://www.ziprecruiter.com/zrs/9927a89e/img/candidate/business.svg,Sales Assistant,"Fallbrook, CA",Strategic Staffing Inc.,"We are a staffing agency currently recruiting for a temporary to hire Sales Assistant for our client, a growing National Company with a 15 year history as a Leading Provider of Products and Services ...",https://www.ziprecruiter.com/ojob/b80fc8fc5f9d56ddaee249700029bbdc?lvk=4vWkY9H17pejXMRH60pFtg.--Lo1zymkjk,Full-Time
https://www.ziprecruiter.com/svc/fotomat/public-ziprecruiter/uploads/943365c3.png=s64x64,Clinical Assistant / Sales Assistant for MedSpa,"Vista, CA",South Coast MedSpa,We are seeking a Medical Assistant to join our South Coast MedSpa team! You will perform routine administrative and clinical assignments to keep the medical facility running smoothly. We are only ...,https://www.ziprecruiter.com/jobs/diamond-environmental-services-lp-316ef3f4/pumper-service-driver-commercial-36595c56?lvk=jqCqH969jqq_q69oYN0VrQ.--Lo-_0D6nR,Full-Time
https://www.ziprecruiter.com/zrs/9927a89e/img/candidate/business.svg,Commercial Care Advisor,"Oceanside, CA",GreatCall,"POSITION: Commercial Care Advisor DEPARTMENT: 512 - Commercial Care REPORTING SUPERVISOR: Supervisor, Commercial Care DIRECT REPORTS: No FLSA : Non-Exempt EMPLOYMENT STATUS: Direct Hire TRAVEL ...",https://www.ziprecruiter.com/ojob/576eae1e22fda76405e2c80767176e04?lvk=ldkJesvSTIJR3L5BO19AUg.--LmulTC8-F,Full-Time
https://www.ziprecruiter.com/zrs/9927a89e/img/candidate/business.svg,Outlet Receiving Associate,"San Marcos, CA",Restoration Hardware,The Outlet Stock Associate embraces an unwavering commitment to quality and determination to achieve operational excellence and inventory accuracy. They work in collaboration and partnership with all ...,https://www.ziprecruiter.com/jobs/vector-marketing-54aeaf9c/work-from-home-entry-level-sales-rep-0d6150e6?lvk=W2rKeaMM9KforhXMXjDA_Q.--LnqfqvE1w,Full-Time
https://www.ziprecruiter.com/zrs/9927a89e/img/candidate/business.svg,Truck Driver - Home Daily - Earn $23.69/Hour + No-Touch Freight,"Escondido, CA","Penske - Colton, CA",Penske Logistics is Hiring CDL-A Truck Drivers No-Touch Freight - Earn $23.69 Per Hour Ready to put your truck-driving career in high gear? Make the shift and fuel your career as a CDL Class A/Touch ...,https://click.appcast.io/track/5x3tz2t?cs=d8x&jg=2z26&bid=viVMAPGFWwJQTmWThIkjXQ==&cid=c0965706-af63-4e26-8031-a2d61266d9f2,Full-Time
https://www.ziprecruiter.com/zrs/9927a89e/img/candidate/business.svg,Client Services Representative,"Temecula, CA",Apeks Marine Equipment,"Job Details Job Location : AQA - Vista - Vista, CA Education Level : 2 Year Degree Salary Range : Undisclosed Description Who We Are? Aqua Lung is a team of passionate people united by a desire to do ...",https://www.ziprecruiter.com/ojob/a003ab3fdb05267c519ea86292d36aa3?lvk=tENFIL5tbtr_aK5Z3rqJPg.--LnvzG6QuZ,Part-Time
https://www.ziprecruiter.com/zrs/9927a89e/img/candidate/business.svg,Seasonal Sales Teammate,"Escondido, CA","Under Armour, Inc.",Under Armour Retail is seeking a brand passionate Sales Associate. The Sales Associate is responsible for individual sales performance. By maintaining a working knowledge of all Under Armour products ...,http://www.linkup.com/joblistings/?job=cd20c6eff12035a8fce5a84e50545e49&cid=a74b6726-174f-49fb-b127-abc5fdb93817,Full-Time
https://www.ziprecruiter.com/zrs/9927a89e/img/candidate/business.svg,Support Specialist (Jr. Systems Administrator),"Carlsbad, CA",Spotlink,"Job Summary Working directly under the Support Supervisor, this support specialist will provide lynch pin support services to our clients. You will be providing front line remote and on-site support ...",https://www.ziprecruiter.com/ojob/5d339e7455751d4022b0ff45f253ea25?lvk=i1k5KGCZnS4J52lgjCYSKg.--Lo86zvHHR,Full-Time
https://www.ziprecruiter.com/zrs/9927a89e/img/candidate/business.svg,Funeral Services Assistant,"Encinitas, CA","SCI Shared Resources, LLC",Our associates celebrate lives. We celebrate our associates. Consider the possibilities of joining a Great Place to Work! Provides clerical and administrative assistance supporting funeral operations,https://www.ziprecruiter.com/jobs/sanitary-fluid-products-e96fa79f/outside-technical-sales-representative-f30aac8d?lvk=ywXFqFgxQTTkqpm0nVeuxw.--LnvpvnXVc,Full-Time
https://www.ziprecruiter.com/zrs/9927a89e/img/candidate/business.svg,Merchandise Associate,"Carlsbad, CA","The TJX Companies, Inc.","Responsible for delivering a highly satisfied customer experience demonstrated by engaging and interacting with all customers, embodying customer experience principals and philosophy, and maintaining ...",https://www.ziprecruiter.com/jobs/global-saas-provider-b8d85230/customer-service-representative-c593a76b?lvk=euJqRbaU_28jPul2WKJExA.--LnUxIeSGw,Full-Time
https://www.ziprecruiter.com/zrs/9927a89e/img/candidate/business.svg,"RN-PCU/Stepdown Travel Nursing Opportunity Available in Escondido, CA","Carlsbad, CA",RNnetwork,"* RNnetwork has an excellent travel opportunity for a provider experienced in the following specialty: RN-PCU/Stepdown. This opportunity will be available in Escondido, CA. The Step Down Unit position ...",https://click.appcast.io/track/63spvjw?cs=cuz&jg=34ag&bid=lqoIfZS7Ja_LCveufxvy9g==&cid=8ff4cf59-04d0-4d8d-aeb9-aeba9d693ed9,Full-Time
https://www.ziprecruiter.com/svc/fotomat/public-ziprecruiter/uploads/9bfd8aee.jpeg=s64x64,Office Administrator,"San Marcos, CA",Suna Solutions,"We are currently looking for an Office Administrator to support our front office in the Carlsbad location. In this role you will be responsible for greeting visitors, answering the phones, assist ...",https://www.ziprecruiter.com/ojob/03122e638773c76cc23b019b0a0e8cda?lvk=nPog904MJ5gWga2VSwdBqQ.--LoCvQQlDc,
https://www.ziprecruiter.com/zrs/9927a89e/img/candidate/business.svg,Client Service Coordinator - 000144,"Escondido, CA",Banfield Pet Hospital,"**Client Service Coordinator** **SUMMARY OF JOB PURPOSE AND FUNCTION** The Client Service Coordinator (""CSC"") drives the flow of clients and pets through the hospital, maximizes the productivity of the ...",https://www.ziprecruiter.com/ojob/58b444f7cbb2444dcae5a4c2418086dd?lvk=fBzx8zlV8zSiTHFh_Bwe1g.--LnSpARBOk,Full-Time
https://www.ziprecruiter.com/zrs/9927a89e/img/candidate/business.svg,Customer Support Representative,"San Diego, CA",SeaSpine,"As a Customer Support Representative on our team, you'll provide excellent customer service and sales support through timely, accurate, and complete processing of orders and product requests ...",https://www.ziprecruiter.com/jobs/sedona-staffing-moline-bd2acdfc/call-center-customer-support-specialist-7e93baff?lvk=UMopy2ezVMvfxOUyJ37Zyw.--Lmhecoej-,Full-Time
https://www.ziprecruiter.com/zrs/9927a89e/img/candidate/business.svg,Customer Support Engineer,"Carlsbad, CA",Antech Diagnotics,"Overview The Customer Support Engineer, Associate handles service and technical issues related to Sound products. This individual utilizes strong customer service paired with a methodical ...",https://www.ziprecruiter.com/ojob/762fa98d639f6a80509a004fa57f0a53?lvk=JBoBztYex3fost9BPo2y-A.--Lo9c2vSlR,Full-Time
https://www.ziprecruiter.com/svc/fotomat/public-ziprecruiter/uploads/c6792bd6.jpeg=s64x64,Career Sales / Door To Door / ADT Security,"Escondido, CA",Safe Haven Security,Safe Haven Security is the largest employee based ADT dealer in the world. Recently we were recognized by Inc. Magazine as one of the fastest growing companies in America. We are a privately-held ...,https://click.appcast.io/track/56apstp?cs=5z9&jg=27gn&bid=viVMAPGFWwJQTmWThIkjXQ==&cid=db852e5a-9f23-4a50-baa2-96d79f1470f3,Part-Time
https://www.ziprecruiter.com/zrs/9927a89e/img/candidate/business.svg,BDC Service/Call Center,"Escondido, CA",Lexus Escondido,Do you love helping customers and have great phone skills? Would you want to work in a position with serious potential for growth in your career? Look no further! The Service Department in Lexus ...,https://99only.jobinfo.com/public/description.php?jid=22846001&refid=668,Full-Time
https://www.ziprecruiter.com/zrs/9927a89e/img/candidate/business.svg,Senior Customer Support EUV Upgrades Intro Analyst,"Oceanside, CA",Asml Us,"Senior Customer Support EUV Upgrades Intro Analyst Location San Diego - CA, US Entity ASML US, LLC Degree Bachelor Experience 3-7 years Team Customer support Job category Other job categories Travel ...",https://www.ziprecruiter.com/ojob/09efb716bff3de2a48164d1e2ded3fff?lvk=f8DTCG_7Y1xpAs78sLoQcw.--LninJSDmo,Full-Time
https://www.ziprecruiter.com/zrs/9927a89e/img/candidate/business.svg,Admin/Secretary,"Vista, CA",Carlsbad Bicycle Company,DUTIES: Data entry into excel workbooks Process payments from customers and prepare bank deposits Update sales orders. CORE COMPETENCIES Accurate and honest with good work ethic Maintains ...,https://jobs.autonation.com/jobs/146339?lang=en-us&iis=Recruitics&iisn=ziprecruiter&rx_c=sales-category&rx_campaign=ziprecruiter35&rx_group=114530&rx_job=146339&rx_medium=cpc&rx_r=none&rx_source=ziprecruiter&rx_ts=20201116T160643Z&rx_p=90a11d12-22c0-4df8-9d79-fc76fa698753&rx_viewer=5fd04d49283011eba5b2bfa846e67a4be77d2fa1a5ed4571bd630663e269be41,Full-Time
https://www.ziprecruiter.com/zrs/9927a89e/img/candidate/business.svg,Funeral Services Assistant,"Temecula, CA",Service Corporation International,Our associates celebrate lives. We celebrate our associates. Consider the possibilities of joining a Great Place to Work! Provides clerical and administrative assistance supporting funeral operations,https://www.ziprecruiter.com/ojob/2e36606f882af7a9f0c01163c76b7561?lvk=M3HJdqRV3_QPRi64stEkBQ.--Ln_8eGOpc,Full-Time
https://www.ziprecruiter.com/svc/fotomat/public-ziprecruiter/uploads/c2f0fc8e.jpeg=s64x64,Solar Sales Representative - RAMP UP BONUS,"Vista, CA",Infinity Energy Inc,"$300 - $2500 per Kilowatt, average system size is 6 to 10 Kilowatts, YOU DECIDE COMMISSION AND $1000 UP-FRONT BONUS ON EACH SALE, REST AT INSTALL AND $3750 RAMP UP BONUS, $750 FOR FIRST 5 INSTALLS",https://www.ziprecruiter.com/jobs/lincoln-military-housing-21a7e464/service-coordinator-30d3d799?lvk=pYXL8ZM9TKMbe50XhEnDXA.--LnKZ3nrDN,Full-Time
https://www.ziprecruiter.com/svc/fotomat/public-ziprecruiter/uploads/d7a61fcf.jpeg=s64x64,Inside Sales Representative,"Oceanside, CA",Search Partners,"We are seeking an Inside Sales Representative to join our client's team in Northern San Diego County! Our client, a financial institution based in Orange County with office nationwide, just opened a ...",https://www.allretailjobs.com/cgi-local/search.cgi?action=ViewJobDetails&TypeOfUser=browse&JobIndNum=15761853&from=ziprecruiter-oa-cpc&cid=c983247b-d0e8-49dc-b7e0-c823afa5b3d9,Full-Time
